product_code,seller_name,price_kzt,product_url
133406912,Adel Market,82997,https://kaspi.kz/shop/p/tiziana-terenzi-kirke-extrait-de-parfum-100-atomaizer-10-ml-extrait-de-parfum-110-ml-uniseks-133406912/?c=710000000
133406912,PARFUM-KZ - Официальный Магазин,83000,https://kaspi.kz/shop/p/tiziana-terenzi-kirke-extrait-de-parfum-100-atomaizer-10-ml-extrait-de-parfum-110-ml-uniseks-133406912/?c=710000000
141256730,ИП БИНАЗАРОВА,23990,https://kaspi.kz/shop/p/manzar-homme-sport-homme-intense-sauvage-ekstrakt-duhov-extrait-de-parfum-30-ml-dlja-muzhchin-141256730/?c=710000000
132205381,ИП БИНАЗАРОВА,29990,https://kaspi.kz/shop/p/manzar-l-immensite-ekstrakt-duhov-extrait-de-parfum-35-ml-dlja-muzhchin-132205381/?c=710000000
131877507,ЭКО МАРКЕТ,13798,https://kaspi.kz/shop/p/essens-parfjum-dlja-zhenschin-w141-duhi-parfum-50-ml-dlja-zhenschin-131877507/?c=710000000
131877507,RAYANA BEAUTY,13800,https://kaspi.kz/shop/p/essens-parfjum-dlja-zhenschin-w141-duhi-parfum-50-ml-dlja-zhenschin-131877507/?c=710000000
139109164,PARFUM-KZ - Официальный Магазин,41200,https://kaspi.kz/shop/p/versace-pour-homme-atomaizer-tualetnaja-voda-edt-110-ml-dlja-muzhchin-139109164/?c=710000000
139109164,ИП PERFUME ART,60000,https://kaspi.kz/shop/p/versace-pour-homme-atomaizer-tualetnaja-voda-edt-110-ml-dlja-muzhchin-139109164/?c=710000000
137962414,PARFUM-KZ - Официальный Магазин,18170,https://kaspi.kz/shop/p/lanvin-eclat-d-arpege-parfjumernaja-voda-edp-30-atomaizer-2-parfjumernaja-voda-edp-32-ml-dlja-zhenschin-137962414/?c=710000000
139080143,PARFUM-KZ - Официальный Магазин,31860,https://kaspi.kz/shop/p/versace-bright-crystal-50-atomaizer-5-ml-tualetnaja-voda-edt-55-ml-dlja-zhenschin-139080143/?c=710000000
134046452,Soul Beauty,35000,https://kaspi.kz/shop/p/flower-knows-strawberry-milk-shake-duhi-parfum-50-ml-dlja-zhenschin-134046452/?c=710000000
17300773,APG техникс,49859,https://kaspi.kz/shop/p/bvlgari-aqva-marine-tualetnaja-voda-edt-50-ml-dlja-muzhchin-17300773/?c=710000000
17300773,Shоp_kz,67069,https://kaspi.kz/shop/p/bvlgari-aqva-marine-tualetnaja-voda-edt-50-ml-dlja-muzhchin-17300773/?c=710000000
17300773,Estual,67153,https://kaspi.kz/shop/p/bvlgari-aqva-marine-tualetnaja-voda-edt-50-ml-dlja-muzhchin-17300773/?c=710000000
132615285,Perfume BAR,64990,https://kaspi.kz/shop/p/hermes-barenia-parfjumernaja-voda-edp-60-ml-dlja-zhenschin-132615285/?c=710000000
132615285,Sahina.kz,64990,https://kaspi.kz/shop/p/hermes-barenia-parfjumernaja-voda-edp-60-ml-dlja-zhenschin-132615285/?c=710000000
132615285,Amavi,75900,https://kaspi.kz/shop/p/hermes-barenia-parfjumernaja-voda-edp-60-ml-dlja-zhenschin-132615285/?c=710000000
132615285,YOUNIQUE by Amavi,75900,https://kaspi.kz/shop/p/hermes-barenia-parfjumernaja-voda-edp-60-ml-dlja-zhenschin-132615285/?c=710000000
132615285,ПАРФЮМ.KZ,100395,https://kaspi.kz/shop/p/hermes-barenia-parfjumernaja-voda-edp-60-ml-dlja-zhenschin-132615285/?c=710000000
115951158,ТОО GAMMA D ORO,12900,https://kaspi.kz/shop/p/gamma-d-oro-su-152-parfjumernaja-voda-edp-50-ml-uniseks-115951158/?c=710000000
115951158,Gamma D ORO,12900,https://kaspi.kz/shop/p/gamma-d-oro-su-152-parfjumernaja-voda-edp-50-ml-uniseks-115951158/?c=710000000
115951158,Beauty_shop_Astina,12900,https://kaspi.kz/shop/p/gamma-d-oro-su-152-parfjumernaja-voda-edp-50-ml-uniseks-115951158/?c=710000000
17300851,Elegance Fragrance,32879,https://kaspi.kz/shop/p/paco-rabanne-ultraviolet-parfjumernaja-voda-edp-80-ml-17300851/?c=710000000
17300851,PrimeStore.KZ,32889,https://kaspi.kz/shop/p/paco-rabanne-ultraviolet-parfjumernaja-voda-edp-80-ml-17300851/?c=710000000
17300851,ПАРФЮМ.KZ,40495,https://kaspi.kz/shop/p/paco-rabanne-ultraviolet-parfjumernaja-voda-edp-80-ml-17300851/?c=710000000
17300851,Estual,46349,https://kaspi.kz/shop/p/paco-rabanne-ultraviolet-parfjumernaja-voda-edp-80-ml-17300851/?c=710000000
138047750,Love in Paris,28497,https://kaspi.kz/shop/p/moschino-i-love-love-edt-100-ml-atomaizer-10-ml-tualetnaja-voda-edt-110-ml-dlja-zhenschin-138047750/?c=710000000
138047750,Aroma Secret,28498,https://kaspi.kz/shop/p/moschino-i-love-love-edt-100-ml-atomaizer-10-ml-tualetnaja-voda-edt-110-ml-dlja-zhenschin-138047750/?c=710000000
138047750,PARFUM-KZ - Официальный Магазин,28500,https://kaspi.kz/shop/p/moschino-i-love-love-edt-100-ml-atomaizer-10-ml-tualetnaja-voda-edt-110-ml-dlja-zhenschin-138047750/?c=710000000
129986545,CosMarket,59999,https://kaspi.kz/shop/p/valentino-born-in-roma-uomo-parfjumernyi-nabor-100-ml-dlja-muzhchin-129986545/?c=710000000
138047230,PARFUM-KZ - Официальный Магазин,32980,https://kaspi.kz/shop/p/dolce-gabbana-l-imperatrice-edt-100-atomaizer-10-ml-tualetnaja-voda-edt-110-ml-dlja-zhenschin-138047230/?c=710000000
138047230,Perfume shop,32989,https://kaspi.kz/shop/p/dolce-gabbana-l-imperatrice-edt-100-atomaizer-10-ml-tualetnaja-voda-edt-110-ml-dlja-zhenschin-138047230/?c=710000000
138047230,MIM Cosmetics,34995,https://kaspi.kz/shop/p/dolce-gabbana-l-imperatrice-edt-100-atomaizer-10-ml-tualetnaja-voda-edt-110-ml-dlja-zhenschin-138047230/?c=710000000
138047230,Love in Paris,34999,https://kaspi.kz/shop/p/dolce-gabbana-l-imperatrice-edt-100-atomaizer-10-ml-tualetnaja-voda-edt-110-ml-dlja-zhenschin-138047230/?c=710000000
138047230,Aroma Secret,34999,https://kaspi.kz/shop/p/dolce-gabbana-l-imperatrice-edt-100-atomaizer-10-ml-tualetnaja-voda-edt-110-ml-dlja-zhenschin-138047230/?c=710000000
17300589,Shоp_kz,43386,https://kaspi.kz/shop/p/dkny-be-delicious-parfjumernaja-voda-edp-100-ml-dlja-zhenschin-17300589/?c=710000000
17300589,MonAmie,43470,https://kaspi.kz/shop/p/dkny-be-delicious-parfjumernaja-voda-edp-100-ml-dlja-zhenschin-17300589/?c=710000000
17300589,Monamie kz,43470,https://kaspi.kz/shop/p/dkny-be-delicious-parfjumernaja-voda-edp-100-ml-dlja-zhenschin-17300589/?c=710000000
17300589,ПАРФЮМ.KZ,48395,https://kaspi.kz/shop/p/dkny-be-delicious-parfjumernaja-voda-edp-100-ml-dlja-zhenschin-17300589/?c=710000000
137962138,ИП PERFUME ART,95000,https://kaspi.kz/shop/p/versace-man-eau-fraiche-edt-100-atomaizer-10-ml-tualetnaja-voda-edt-110-ml-dlja-muzhchin-137962138/?c=710000000
136152781,Monamie kz,45565,https://kaspi.kz/shop/p/carolina-herrera-212-vip-black-elixir-parfjumernaja-voda-edp-100-ml-dlja-muzhchin-136152781/?c=710000000
136152781,Amavi,67100,https://kaspi.kz/shop/p/carolina-herrera-212-vip-black-elixir-parfjumernaja-voda-edp-100-ml-dlja-muzhchin-136152781/?c=710000000
136152781,Французский Дом,70800,https://kaspi.kz/shop/p/carolina-herrera-212-vip-black-elixir-parfjumernaja-voda-edp-100-ml-dlja-muzhchin-136152781/?c=710000000
136152781,ПАРФЮМ.KZ,104695,https://kaspi.kz/shop/p/carolina-herrera-212-vip-black-elixir-parfjumernaja-voda-edp-100-ml-dlja-muzhchin-136152781/?c=710000000
142800645,CosMarket,37899,https://kaspi.kz/shop/p/jean-paul-gaultier-la-belle-parfjumernaja-voda-edp-30-ml-dlja-zhenschin-142800645/?c=710000000
138047644,PARFUM-KZ - Официальный Магазин,19960,https://kaspi.kz/shop/p/moschino-i-love-love-edt-50-ml-atomaizer-5-ml-tualetnaja-voda-edt-55-ml-dlja-zhenschin-138047644/?c=710000000
138047644,Love in Paris,22999,https://kaspi.kz/shop/p/moschino-i-love-love-edt-50-ml-atomaizer-5-ml-tualetnaja-voda-edt-55-ml-dlja-zhenschin-138047644/?c=710000000
138047644,Aroma Secret,22999,https://kaspi.kz/shop/p/moschino-i-love-love-edt-50-ml-atomaizer-5-ml-tualetnaja-voda-edt-55-ml-dlja-zhenschin-138047644/?c=710000000
113708356,ЭКО МАРКЕТ,15981,https://kaspi.kz/shop/p/essens-m003-duhi-parfum-50-ml-dlja-muzhchin-113708356/?c=710000000
113708356,АРОМАТ,15983,https://kaspi.kz/shop/p/essens-m003-duhi-parfum-50-ml-dlja-muzhchin-113708356/?c=710000000
113708356,RAYANA BEAUTY,15986,https://kaspi.kz/shop/p/essens-m003-duhi-parfum-50-ml-dlja-muzhchin-113708356/?c=710000000
113708356,TiTa store,17500,https://kaspi.kz/shop/p/essens-m003-duhi-parfum-50-ml-dlja-muzhchin-113708356/?c=710000000
118506222,Yves Rocher France,22560,https://kaspi.kz/shop/p/yves-rocher-comme-une-evidence-parfjumernaja-voda-edp-50-ml-dlja-zhenschin-118506222/?c=710000000
107419117,L Occitane,36310,https://kaspi.kz/shop/p/l-occitane-neroli-orchidee-tualetnaja-voda-edt-75-ml-107419117/?c=710000000
132568392,MonAmie,37870,https://kaspi.kz/shop/p/prada-paradoxe-virtual-flower-parfjumernaja-voda-edp-30-ml-dlja-zhenschin-132568392/?c=710000000
132568392,Monamie kz,37870,https://kaspi.kz/shop/p/prada-paradoxe-virtual-flower-parfjumernaja-voda-edp-30-ml-dlja-zhenschin-132568392/?c=710000000
132568392,CosMarket,54000,https://kaspi.kz/shop/p/prada-paradoxe-virtual-flower-parfjumernaja-voda-edp-30-ml-dlja-zhenschin-132568392/?c=710000000
132568392,Amavi,54100,https://kaspi.kz/shop/p/prada-paradoxe-virtual-flower-parfjumernaja-voda-edp-30-ml-dlja-zhenschin-132568392/?c=710000000
132568392,ПАРФЮМ.KZ,78895,https://kaspi.kz/shop/p/prada-paradoxe-virtual-flower-parfjumernaja-voda-edp-30-ml-dlja-zhenschin-132568392/?c=710000000
130258646,ИП БИНАЗАРОВА,25990,https://kaspi.kz/shop/p/manzar-tygar-le-gemme-ekstrakt-duhov-extrait-de-parfum-35-ml-dlja-muzhchin-130258646/?c=710000000
128642912,Perfume BAR,56190,https://kaspi.kz/shop/p/giorgio-armani-my-way-parfjumernyi-nabor-50-ml-dlja-zhenschin-128642912/?c=710000000
128642912,CosMarket,59999,https://kaspi.kz/shop/p/giorgio-armani-my-way-parfjumernyi-nabor-50-ml-dlja-zhenschin-128642912/?c=710000000
128642912,Amavi,64400,https://kaspi.kz/shop/p/giorgio-armani-my-way-parfjumernyi-nabor-50-ml-dlja-zhenschin-128642912/?c=710000000
140493605,MonAmie,36000,https://kaspi.kz/shop/p/versace-man-eau-fraiche-parfjumernyi-nabor-50-ml-dlja-muzhchin-140493605/?c=710000000
140493605,Monamie kz,36000,https://kaspi.kz/shop/p/versace-man-eau-fraiche-parfjumernyi-nabor-50-ml-dlja-muzhchin-140493605/?c=710000000
140493605,Beauty Market KZ,47040,https://kaspi.kz/shop/p/versace-man-eau-fraiche-parfjumernyi-nabor-50-ml-dlja-muzhchin-140493605/?c=710000000
113707857,ЭКО МАРКЕТ,14970,https://kaspi.kz/shop/p/essens-w153-duhi-parfum-50-ml-dlja-zhenschin-113707857/?c=710000000
113707857,АРОМАТ,14972,https://kaspi.kz/shop/p/essens-w153-duhi-parfum-50-ml-dlja-zhenschin-113707857/?c=710000000
113707857,RAYANA BEAUTY,14978,https://kaspi.kz/shop/p/essens-w153-duhi-parfum-50-ml-dlja-zhenschin-113707857/?c=710000000
113707857,TiTa store,14990,https://kaspi.kz/shop/p/essens-w153-duhi-parfum-50-ml-dlja-zhenschin-113707857/?c=710000000
118351815,Yves Rocher France,30950,https://kaspi.kz/shop/p/yves-rocher-comme-une-evidence-parfjumernaja-voda-edp-100-ml-dlja-zhenschin-118351815/?c=710000000
118351815,Estual,38900,https://kaspi.kz/shop/p/yves-rocher-comme-une-evidence-parfjumernaja-voda-edp-100-ml-dlja-zhenschin-118351815/?c=710000000
135215788,Мир покупок,16000,https://kaspi.kz/shop/p/gucci-eau-de-parfum-ii-duhi-parfum-20-ml-dlja-zhenschin-135215788/?c=710000000
136273922,ИП БИНАЗАРОВА,38000,https://kaspi.kz/shop/p/manzar-tygar-le-gemme-ekstrakt-duhov-extrait-de-parfum-55-ml-dlja-muzhchin-136273922/?c=710000000
131877496,Lovely Parfume,13700,https://kaspi.kz/shop/p/essens-muzhskoi-parfjum-m029-duhi-parfum-50-ml-dlja-muzhchin-131877496/?c=710000000
131877496,ЭКО МАРКЕТ,13702,https://kaspi.kz/shop/p/essens-muzhskoi-parfjum-m029-duhi-parfum-50-ml-dlja-muzhchin-131877496/?c=710000000
131877496,RAYANA BEAUTY,13795,https://kaspi.kz/shop/p/essens-muzhskoi-parfjum-m029-duhi-parfum-50-ml-dlja-muzhchin-131877496/?c=710000000
134447051,MiniM-kz,19990,https://kaspi.kz/shop/p/milton-lloyd-colour-me-dark-green-homme-gold-silver-sport-parfjumernyi-nabor-50-ml-dlja-muzhchin-134447051/?c=710000000
134447051,ТОРГОВЫЙ ЦЕНТР ШАМПУНЕЙ в КЗ все бренды здесь,19990,https://kaspi.kz/shop/p/milton-lloyd-colour-me-dark-green-homme-gold-silver-sport-parfjumernyi-nabor-50-ml-dlja-muzhchin-134447051/?c=710000000
117209973,АРОМАТ,14490,https://kaspi.kz/shop/p/essens-w124-duhi-parfum-50-ml-dlja-zhenschin-duhi-parfum-50-ml-dlja-zhenschin-117209973/?c=710000000
117209973,ЭКО МАРКЕТ,14500,https://kaspi.kz/shop/p/essens-w124-duhi-parfum-50-ml-dlja-zhenschin-duhi-parfum-50-ml-dlja-zhenschin-117209973/?c=710000000
135749069,Love in Paris,31169,https://kaspi.kz/shop/p/montblanc-explorer-parfjumernaja-voda-edp-110-ml-dlja-muzhchin-135749069/?c=710000000
135749069,Aroma Secret,31170,https://kaspi.kz/shop/p/montblanc-explorer-parfjumernaja-voda-edp-110-ml-dlja-muzhchin-135749069/?c=710000000
135749069,VIVERA,31172,https://kaspi.kz/shop/p/montblanc-explorer-parfjumernaja-voda-edp-110-ml-dlja-muzhchin-135749069/?c=710000000
135749069,PARFUM-KZ - Официальный Магазин,35440,https://kaspi.kz/shop/p/montblanc-explorer-parfjumernaja-voda-edp-110-ml-dlja-muzhchin-135749069/?c=710000000
118315569,Perfume Home,79990,https://kaspi.kz/shop/p/essential-parfums-bois-imperial-refillable-limited-edition-parfjumernaja-voda-edp-100-ml-uniseks-118315569/?c=710000000
118315569,COCO-SHOP,82500,https://kaspi.kz/shop/p/essential-parfums-bois-imperial-refillable-limited-edition-parfjumernaja-voda-edp-100-ml-uniseks-118315569/?c=710000000
120433594,MonAmie,17160,https://kaspi.kz/shop/p/rochas-mademoiselle-in-paris-parfjumernaja-voda-edp-30-ml-dlja-zhenschin-120433594/?c=710000000
120433594,ПАРФЮМ.KZ,25695,https://kaspi.kz/shop/p/rochas-mademoiselle-in-paris-parfjumernaja-voda-edp-30-ml-dlja-zhenschin-120433594/?c=710000000
140493583,Monamie kz,40500,https://kaspi.kz/shop/p/versace-bright-crystal-parfjumernyi-nabor-50-ml-dlja-zhenschin-140493583/?c=710000000
131816467,ИП БИНАЗАРОВА,18990,https://kaspi.kz/shop/p/manzar-leau-par-pour-femme-ekstrakt-duhov-extrait-de-parfum-35-ml-dlja-zhenschin-131816467/?c=710000000
130327967,MonAmie,53760,https://kaspi.kz/shop/p/hugo-boss-bottled-absolu-parfjumernaja-voda-edp-50-ml-dlja-muzhchin-130327967/?c=710000000
17303063,PrimeStore.KZ,24000,https://kaspi.kz/shop/p/lanvin-a-girl-in-capri-tualetnaja-voda-edt-90-ml-17303063/?c=710000000
104313865,Cosmetics Aesthetics,14999,https://kaspi.kz/shop/p/avon-far-away-parfjumernaja-voda-edp-50-ml-dlja-zhenschin-104313865/?c=710000000
112590267,ИП BEAUTY BROKER,39990,https://kaspi.kz/shop/p/sol-de-janeiro-brazilian-crush-cheirosa-68-parfjumirovannyi-sprei-90-ml-dlja-zhenschin-112590267/?c=710000000
112590267,Inter Perfume,44000,https://kaspi.kz/shop/p/sol-de-janeiro-brazilian-crush-cheirosa-68-parfjumirovannyi-sprei-90-ml-dlja-zhenschin-112590267/?c=710000000
105913061,MIA,74998,https://kaspi.kz/shop/p/jean-paul-gaultier-le-beau-parfjumernaja-voda-edp-125-ml-dlja-muzhchin-105913061/?c=710000000
105913061,Perfume Home,75000,https://kaspi.kz/shop/p/jean-paul-gaultier-le-beau-parfjumernaja-voda-edp-125-ml-dlja-muzhchin-105913061/?c=710000000
105913061,Amavi,76000,https://kaspi.kz/shop/p/jean-paul-gaultier-le-beau-parfjumernaja-voda-edp-125-ml-dlja-muzhchin-105913061/?c=710000000
105913061,perfumeshop_astana,82000,https://kaspi.kz/shop/p/jean-paul-gaultier-le-beau-parfjumernaja-voda-edp-125-ml-dlja-muzhchin-105913061/?c=710000000
135437896,CosMarket,68999,https://kaspi.kz/shop/p/yves-saint-laurent-y-parfjumernyi-nabor-100-ml-dlja-muzhchin-135437896/?c=710000000
113708251,ЭКО МАРКЕТ,15886,https://kaspi.kz/shop/p/essens-w111-duhi-parfum-50-ml-dlja-zhenschin-113708251/?c=710000000
113708251,АРОМАТ,15888,https://kaspi.kz/shop/p/essens-w111-duhi-parfum-50-ml-dlja-zhenschin-113708251/?c=710000000
113708251,RAYANA BEAUTY,15896,https://kaspi.kz/shop/p/essens-w111-duhi-parfum-50-ml-dlja-zhenschin-113708251/?c=710000000
113708251,TiTa store,18900,https://kaspi.kz/shop/p/essens-w111-duhi-parfum-50-ml-dlja-zhenschin-113708251/?c=710000000
102296940,MonAmie,30840,https://kaspi.kz/shop/p/princesse-marina-de-bourbon-tendre-reverence-parfjumernaja-voda-edp-100-ml-dlja-zhenschin-102296940/?c=710000000
124424674,ИП БИНАЗАРОВА,23990,https://kaspi.kz/shop/p/manzar-black-afgano-nasomatto-ekstrakt-duhov-extrait-de-parfum-35-ml-uniseks-124424674/?c=710000000
120446594,MonAmie,25200,https://kaspi.kz/shop/p/rochas-mademoiselle-in-paris-parfjumernaja-voda-edp-50-ml-dlja-zhenschin-120446594/?c=710000000
120446594,ПАРФЮМ.KZ,36195,https://kaspi.kz/shop/p/rochas-mademoiselle-in-paris-parfjumernaja-voda-edp-50-ml-dlja-zhenschin-120446594/?c=710000000
117209969,ЭКО МАРКЕТ,14896,https://kaspi.kz/shop/p/essens-w117-duhi-parfum-50-ml-duhi-parfum-50-ml-dlja-zhenschin-117209969/?c=710000000
117209969,ИП МҰРАГЕР,14898,https://kaspi.kz/shop/p/essens-w117-duhi-parfum-50-ml-duhi-parfum-50-ml-dlja-zhenschin-117209969/?c=710000000
117209969,RAYANA BEAUTY,14899,https://kaspi.kz/shop/p/essens-w117-duhi-parfum-50-ml-duhi-parfum-50-ml-dlja-zhenschin-117209969/?c=710000000
17300064,MonAmie,18240,https://kaspi.kz/shop/p/princesse-marina-de-bourbon-cristal-royal-rose-parfjumernaja-voda-edp-30-ml-dlja-zhenschin-17300064/?c=710000000
17300064,Monamie kz,18240,https://kaspi.kz/shop/p/princesse-marina-de-bourbon-cristal-royal-rose-parfjumernaja-voda-edp-30-ml-dlja-zhenschin-17300064/?c=710000000
17300064,perfumeshop_astana,25400,https://kaspi.kz/shop/p/princesse-marina-de-bourbon-cristal-royal-rose-parfjumernaja-voda-edp-30-ml-dlja-zhenschin-17300064/?c=710000000
105228986,perfumeshop_astana,69800,https://kaspi.kz/shop/p/givenchy-irresistible-parfjumernyi-nabor-50-ml-dlja-zhenschin-105228986/?c=710000000
123350970,АРОМАТ,14898,https://kaspi.kz/shop/p/essens-m013-parfum-50ml-dlja-muzhchin-duhi-parfum-50-ml-dlja-muzhchin-123350970/?c=710000000
123350970,RAYANA BEAUTY,14898,https://kaspi.kz/shop/p/essens-m013-parfum-50ml-dlja-muzhchin-duhi-parfum-50-ml-dlja-muzhchin-123350970/?c=710000000
128984326,ИП ТАХМИНА,50000,https://kaspi.kz/shop/p/lattafa-perfumes-masa-parfjumernaja-voda-edp-100-ml-uniseks-128984326/?c=710000000
101349380,Estual,34270,https://kaspi.kz/shop/p/rasasi-rumz-zebra-9325-pour-elle-parfjumernaja-voda-edp-50-ml-dlja-zhenschin-101349380/?c=710000000
137745763,Sintar Group,31200,https://kaspi.kz/shop/p/fragonard-lilas-50ml-tualetnaja-voda-edt-50-ml-dlja-zhenschin-137745763/?c=710000000
141782262,Beauty Market KZ,43218,https://kaspi.kz/shop/p/kenzo-l-eau-pure-parfjumernaja-voda-edp-50-ml-dlja-zhenschin-141782262/?c=710000000
141782262,Adel Market,49997,https://kaspi.kz/shop/p/kenzo-l-eau-pure-parfjumernaja-voda-edp-50-ml-dlja-zhenschin-141782262/?c=710000000
141782262,aerin,53990,https://kaspi.kz/shop/p/kenzo-l-eau-pure-parfjumernaja-voda-edp-50-ml-dlja-zhenschin-141782262/?c=710000000
141782262,ПАРФЮМ.KZ,60195,https://kaspi.kz/shop/p/kenzo-l-eau-pure-parfjumernaja-voda-edp-50-ml-dlja-zhenschin-141782262/?c=710000000
121757688,ALLA PARFUMS,47294,https://kaspi.kz/shop/p/versace-bright-crystal-parfum-duhi-parfum-50-ml-dlja-zhenschin-121757688/?c=710000000
121757688,ПАРФЮМ.KZ,47295,https://kaspi.kz/shop/p/versace-bright-crystal-parfum-duhi-parfum-50-ml-dlja-zhenschin-121757688/?c=710000000
121757688,Monamie kz,63000,https://kaspi.kz/shop/p/versace-bright-crystal-parfum-duhi-parfum-50-ml-dlja-zhenschin-121757688/?c=710000000
121757688,Французский Дом,84000,https://kaspi.kz/shop/p/versace-bright-crystal-parfum-duhi-parfum-50-ml-dlja-zhenschin-121757688/?c=710000000
113708363,ЭКО МАРКЕТ,14888,https://kaspi.kz/shop/p/essens-m025-duhi-parfum-50-ml-dlja-muzhchin-113708363/?c=710000000
113708363,АРОМАТ,14890,https://kaspi.kz/shop/p/essens-m025-duhi-parfum-50-ml-dlja-muzhchin-113708363/?c=710000000
120447515,MonAmie,27150,https://kaspi.kz/shop/p/montblanc-explorer-platinum-parfjumernyi-nabor-100-ml-dlja-muzhchin-120447515/?c=710000000
120447515,Perfume BAR,38000,https://kaspi.kz/shop/p/montblanc-explorer-platinum-parfjumernyi-nabor-100-ml-dlja-muzhchin-120447515/?c=710000000
120447515,Sahina.kz,38000,https://kaspi.kz/shop/p/montblanc-explorer-platinum-parfjumernyi-nabor-100-ml-dlja-muzhchin-120447515/?c=710000000
120447515,Elite Perfume,38000,https://kaspi.kz/shop/p/montblanc-explorer-platinum-parfjumernyi-nabor-100-ml-dlja-muzhchin-120447515/?c=710000000
120447515,Beauty Market KZ,53214,https://kaspi.kz/shop/p/montblanc-explorer-platinum-parfjumernyi-nabor-100-ml-dlja-muzhchin-120447515/?c=710000000
135243472,CosMarket,68900,https://kaspi.kz/shop/p/yves-saint-laurent-libre-parfjumernyi-nabor-50-ml-dlja-zhenschin-135243472/?c=710000000
135243472,perfumeshop_astana,69000,https://kaspi.kz/shop/p/yves-saint-laurent-libre-parfjumernyi-nabor-50-ml-dlja-zhenschin-135243472/?c=710000000
135243472,Aru skin,90000,https://kaspi.kz/shop/p/yves-saint-laurent-libre-parfjumernyi-nabor-50-ml-dlja-zhenschin-135243472/?c=710000000
115944698,ТОО GAMMA D ORO,18900,https://kaspi.kz/shop/p/gamma-d-oro-su-3-parfjumernaja-voda-edp-50-ml-uniseks-115944698/?c=710000000
115944698,Gamma D ORO,18900,https://kaspi.kz/shop/p/gamma-d-oro-su-3-parfjumernaja-voda-edp-50-ml-uniseks-115944698/?c=710000000
107419131,L Occitane,37450,https://kaspi.kz/shop/p/l-occitane-verveine-tualetnaja-voda-edt-100-ml-107419131/?c=710000000
100872090,ИП MARLEN,60625,https://kaspi.kz/shop/p/dior-miss-dior-absolutely-blooming-parfjumernaja-voda-edp-100-ml-100872090/?c=710000000
100872090,Elegance Fragrance,60627,https://kaspi.kz/shop/p/dior-miss-dior-absolutely-blooming-parfjumernaja-voda-edp-100-ml-100872090/?c=710000000
100872090,Aromatic.kz,60639,https://kaspi.kz/shop/p/dior-miss-dior-absolutely-blooming-parfjumernaja-voda-edp-100-ml-100872090/?c=710000000
100872090,AromaLive,61381,https://kaspi.kz/shop/p/dior-miss-dior-absolutely-blooming-parfjumernaja-voda-edp-100-ml-100872090/?c=710000000
100872090,lally lally,99000,https://kaspi.kz/shop/p/dior-miss-dior-absolutely-blooming-parfjumernaja-voda-edp-100-ml-100872090/?c=710000000
131863089,АРОМАТ,13399,https://kaspi.kz/shop/p/essens-muzhskoi-parfjum-m007-duhi-parfum-50-ml-dlja-muzhchin-131863089/?c=710000000
122959682,MonAmie,26880,https://kaspi.kz/shop/p/karl-lagerfeld-ikonik-parfjumernaja-voda-edp-100-ml-dlja-zhenschin-122959682/?c=710000000
122959682,Monamie kz,26880,https://kaspi.kz/shop/p/karl-lagerfeld-ikonik-parfjumernaja-voda-edp-100-ml-dlja-zhenschin-122959682/?c=710000000
122959682,ПАРФЮМ.KZ,48395,https://kaspi.kz/shop/p/karl-lagerfeld-ikonik-parfjumernaja-voda-edp-100-ml-dlja-zhenschin-122959682/?c=710000000
17301540,MarketHub,27295,https://kaspi.kz/shop/p/lalique-encre-noire-a-l-extreme-parfjumernaja-voda-edp-100-ml-dlja-muzhchin-17301540/?c=710000000
17301540,ПАРФЮМ.KZ,27495,https://kaspi.kz/shop/p/lalique-encre-noire-a-l-extreme-parfjumernaja-voda-edp-100-ml-dlja-muzhchin-17301540/?c=710000000
17301540,Estual,29000,https://kaspi.kz/shop/p/lalique-encre-noire-a-l-extreme-parfjumernaja-voda-edp-100-ml-dlja-muzhchin-17301540/?c=710000000
131010204,ALLA PARFUMS,30000,https://kaspi.kz/shop/p/ralph-lauren-ralph-tualetnaja-voda-edt-30-ml-dlja-zhenschin-131010204/?c=710000000
131010204,Adel Market,30993,https://kaspi.kz/shop/p/ralph-lauren-ralph-tualetnaja-voda-edt-30-ml-dlja-zhenschin-131010204/?c=710000000
131010204,ПАРФЮМ.KZ,30995,https://kaspi.kz/shop/p/ralph-lauren-ralph-tualetnaja-voda-edt-30-ml-dlja-zhenschin-131010204/?c=710000000
131010204,Estual,42049,https://kaspi.kz/shop/p/ralph-lauren-ralph-tualetnaja-voda-edt-30-ml-dlja-zhenschin-131010204/?c=710000000
113707702,АРОМАТ,14990,https://kaspi.kz/shop/p/essens-w158-duhi-parfum-50-ml-dlja-zhenschin-113707702/?c=710000000
113707702,ЭКО МАРКЕТ,15000,https://kaspi.kz/shop/p/essens-w158-duhi-parfum-50-ml-dlja-zhenschin-113707702/?c=710000000
134393481,MiniM-kz,19990,https://kaspi.kz/shop/p/milton-lloyd-colour-me-violet-diamond-neon-pink-parfjumernyi-nabor-50-ml-dlja-zhenschin-134393481/?c=710000000
134393481,ТОРГОВЫЙ ЦЕНТР ШАМПУНЕЙ в КЗ все бренды здесь,29990,https://kaspi.kz/shop/p/milton-lloyd-colour-me-violet-diamond-neon-pink-parfjumernyi-nabor-50-ml-dlja-zhenschin-134393481/?c=710000000
101267745,CHANTAL,31500,https://kaspi.kz/shop/p/guy-laroche-j-ai-ose-parfjumernaja-voda-edp-30-ml-dlja-zhenschin-101267745/?c=710000000
101267745,MIA,80000,https://kaspi.kz/shop/p/guy-laroche-j-ai-ose-parfjumernaja-voda-edp-30-ml-dlja-zhenschin-101267745/?c=710000000
124350328,Love in Paris,56997,https://kaspi.kz/shop/p/bvlgari-omnia-coral-tualetnaja-voda-edt-80-ml-dlja-zhenschin-124350328/?c=710000000
124350328,Aroma Secret,56998,https://kaspi.kz/shop/p/bvlgari-omnia-coral-tualetnaja-voda-edt-80-ml-dlja-zhenschin-124350328/?c=710000000
124350328,Sahina.kz,57000,https://kaspi.kz/shop/p/bvlgari-omnia-coral-tualetnaja-voda-edt-80-ml-dlja-zhenschin-124350328/?c=710000000
124350328,Perfume BAR,57001,https://kaspi.kz/shop/p/bvlgari-omnia-coral-tualetnaja-voda-edt-80-ml-dlja-zhenschin-124350328/?c=710000000
116658854,Aroma Secret,84988,https://kaspi.kz/shop/p/hermes-terre-d-hermes-duhi-parfum-200-ml-dlja-muzhchin-116658854/?c=710000000
116658854,Love in Paris,84989,https://kaspi.kz/shop/p/hermes-terre-d-hermes-duhi-parfum-200-ml-dlja-muzhchin-116658854/?c=710000000
116658854,CosMarket,84990,https://kaspi.kz/shop/p/hermes-terre-d-hermes-duhi-parfum-200-ml-dlja-muzhchin-116658854/?c=710000000
116658854,Amavi,142000,https://kaspi.kz/shop/p/hermes-terre-d-hermes-duhi-parfum-200-ml-dlja-muzhchin-116658854/?c=710000000
116658854,YOUNIQUE by Amavi,142000,https://kaspi.kz/shop/p/hermes-terre-d-hermes-duhi-parfum-200-ml-dlja-muzhchin-116658854/?c=710000000
137615038,MonAmie,28910,https://kaspi.kz/shop/p/shiseido-ginza-night-parfjumernaja-voda-edp-30-ml-dlja-zhenschin-137615038/?c=710000000
137615038,Perfume Home,44990,https://kaspi.kz/shop/p/shiseido-ginza-night-parfjumernaja-voda-edp-30-ml-dlja-zhenschin-137615038/?c=710000000
137615038,COCO-SHOP,45000,https://kaspi.kz/shop/p/shiseido-ginza-night-parfjumernaja-voda-edp-30-ml-dlja-zhenschin-137615038/?c=710000000
137615038,ПАРФЮМ.KZ,52695,https://kaspi.kz/shop/p/shiseido-ginza-night-parfjumernaja-voda-edp-30-ml-dlja-zhenschin-137615038/?c=710000000
130440540,ИП БИНАЗАРОВА,19990,https://kaspi.kz/shop/p/manzar-acqua-di-gioia-ekstrakt-duhov-extrait-de-parfum-35-ml-dlja-zhenschin-130440540/?c=710000000
108523720,MIA,113343,https://kaspi.kz/shop/p/parfums-de-marly-greenley-parfjumernaja-voda-edp-75-ml-108523720/?c=710000000
108523720,ITELL-KZ,113344,https://kaspi.kz/shop/p/parfums-de-marly-greenley-parfjumernaja-voda-edp-75-ml-108523720/?c=710000000
108523720,Estual,115399,https://kaspi.kz/shop/p/parfums-de-marly-greenley-parfjumernaja-voda-edp-75-ml-108523720/?c=710000000
108523720,Французский зал,125000,https://kaspi.kz/shop/p/parfums-de-marly-greenley-parfjumernaja-voda-edp-75-ml-108523720/?c=710000000
117209970,RAYANA BEAUTY,14899,https://kaspi.kz/shop/p/essens-w150-duhi-parfum-50-ml-duhi-parfum-50-ml-dlja-zhenschin-117209970/?c=710000000
117209970,TiTa store,14900,https://kaspi.kz/shop/p/essens-w150-duhi-parfum-50-ml-duhi-parfum-50-ml-dlja-zhenschin-117209970/?c=710000000
122692927,OHBELLA,19491,https://kaspi.kz/shop/p/maison-alhambra-megara-maison-alhambra-parfjumernaja-voda-edp-50-ml-dlja-muzhchin-122692927/?c=710000000
122692927,Aromacrystal,19494,https://kaspi.kz/shop/p/maison-alhambra-megara-maison-alhambra-parfjumernaja-voda-edp-50-ml-dlja-muzhchin-122692927/?c=710000000
17302188,Adel-Parfum,67997,https://kaspi.kz/shop/p/calvin-klein-women-parfjumernaja-voda-edp-50-ml-dlja-zhenschin-17302188/?c=710000000
115265347,CosMarket,54995,https://kaspi.kz/shop/p/valentino-born-in-roma-intense-donna-zhenskaja-parfjumernaja-voda-edp-30-ml-115265347/?c=710000000
115265347,ПАРФЮМ.KZ,56195,https://kaspi.kz/shop/p/valentino-born-in-roma-intense-donna-zhenskaja-parfjumernaja-voda-edp-30-ml-115265347/?c=710000000
115265347,Adel Market,58993,https://kaspi.kz/shop/p/valentino-born-in-roma-intense-donna-zhenskaja-parfjumernaja-voda-edp-30-ml-115265347/?c=710000000
110349728,perfumeshop_astana,61000,https://kaspi.kz/shop/p/jean-paul-gaultier-scandal-parfjumernaja-voda-edp-100-ml-dlja-muzhchin-110349728/?c=710000000
110349728,CosMarket,63200,https://kaspi.kz/shop/p/jean-paul-gaultier-scandal-parfjumernaja-voda-edp-100-ml-dlja-muzhchin-110349728/?c=710000000
110349728,Perfume Home,68990,https://kaspi.kz/shop/p/jean-paul-gaultier-scandal-parfjumernaja-voda-edp-100-ml-dlja-muzhchin-110349728/?c=710000000
110349728,Amavi,70600,https://kaspi.kz/shop/p/jean-paul-gaultier-scandal-parfjumernaja-voda-edp-100-ml-dlja-muzhchin-110349728/?c=710000000
115951157,ТОО GAMMA D ORO,12900,https://kaspi.kz/shop/p/gamma-d-oro-sw-151-parfjumernaja-voda-edp-50-ml-dlja-zhenschin-115951157/?c=710000000
115951157,Gamma D ORO,12900,https://kaspi.kz/shop/p/gamma-d-oro-sw-151-parfjumernaja-voda-edp-50-ml-dlja-zhenschin-115951157/?c=710000000
17300903,Yves Rocher France,19184,https://kaspi.kz/shop/p/yves-rocher-moment-schast-ja-tualetnaja-voda-edt-50-ml-dlja-zhenschin-17300903/?c=710000000
114854195,АUА,83299,https://kaspi.kz/shop/p/acqua-di-parma-colonia-c-l-u-b-odekolon-edc-50-ml-uniseks-114854195/?c=710000000
114854195,Amavi,83300,https://kaspi.kz/shop/p/acqua-di-parma-colonia-c-l-u-b-odekolon-edc-50-ml-uniseks-114854195/?c=710000000
114854195,Adel-Parfum,83997,https://kaspi.kz/shop/p/acqua-di-parma-colonia-c-l-u-b-odekolon-edc-50-ml-uniseks-114854195/?c=710000000
128662854,CosMarket,100000,https://kaspi.kz/shop/p/prada-infusion-d-amande-parfjumernaja-voda-edp-100-ml-uniseks-128662854/?c=710000000
128662854,Amavi,111400,https://kaspi.kz/shop/p/prada-infusion-d-amande-parfjumernaja-voda-edp-100-ml-uniseks-128662854/?c=710000000
128662854,ПАРФЮМ.KZ,140895,https://kaspi.kz/shop/p/prada-infusion-d-amande-parfjumernaja-voda-edp-100-ml-uniseks-128662854/?c=710000000
140781447,MonAmie,29880,https://kaspi.kz/shop/p/lacoste-l-12-12-blanc-eau-de-toilette-gift-set-parfjumernyi-nabor-100-ml-dlja-muzhchin-140781447/?c=710000000
118908316,CosMarket,57750,https://kaspi.kz/shop/p/guerlain-mon-guerlain-parfjumernyi-nabor-50-ml-dlja-zhenschin-118908316/?c=710000000
118908316,MIA,67000,https://kaspi.kz/shop/p/guerlain-mon-guerlain-parfjumernyi-nabor-50-ml-dlja-zhenschin-118908316/?c=710000000
118908316,perfumeshop_astana,67500,https://kaspi.kz/shop/p/guerlain-mon-guerlain-parfjumernyi-nabor-50-ml-dlja-zhenschin-118908316/?c=710000000
132568411,MonAmie,53480,https://kaspi.kz/shop/p/prada-paradoxe-virtual-flower-zhenskaja-parfjumernaja-voda-edp-50ml-132568411/?c=710000000
132568411,Monamie kz,53480,https://kaspi.kz/shop/p/prada-paradoxe-virtual-flower-zhenskaja-parfjumernaja-voda-edp-50ml-132568411/?c=710000000
132568411,CosMarket,76000,https://kaspi.kz/shop/p/prada-paradoxe-virtual-flower-zhenskaja-parfjumernaja-voda-edp-50ml-132568411/?c=710000000
132568411,Amavi,76400,https://kaspi.kz/shop/p/prada-paradoxe-virtual-flower-zhenskaja-parfjumernaja-voda-edp-50ml-132568411/?c=710000000
132568411,ПАРФЮМ.KZ,92095,https://kaspi.kz/shop/p/prada-paradoxe-virtual-flower-zhenskaja-parfjumernaja-voda-edp-50ml-132568411/?c=710000000
140781463,MonAmie,33150,https://kaspi.kz/shop/p/montblanc-legend-gift-set-parfjumernyi-nabor-100-ml-dlja-muzhchin-140781463/?c=710000000
140781463,Beauty Market KZ,49980,https://kaspi.kz/shop/p/montblanc-legend-gift-set-parfjumernyi-nabor-100-ml-dlja-muzhchin-140781463/?c=710000000
117026205,CosMarket,57999,https://kaspi.kz/shop/p/guerlain-aqua-allegoria-forte-bosca-vanilla-parfjumernaja-voda-edp-75-ml-dlja-zhenschin-117026205/?c=710000000
117026205,perfumeshop_astana,60700,https://kaspi.kz/shop/p/guerlain-aqua-allegoria-forte-bosca-vanilla-parfjumernaja-voda-edp-75-ml-dlja-zhenschin-117026205/?c=710000000
117026205,Beauty Market KZ,60760,https://kaspi.kz/shop/p/guerlain-aqua-allegoria-forte-bosca-vanilla-parfjumernaja-voda-edp-75-ml-dlja-zhenschin-117026205/?c=710000000
117026205,Perfume Home,62000,https://kaspi.kz/shop/p/guerlain-aqua-allegoria-forte-bosca-vanilla-parfjumernaja-voda-edp-75-ml-dlja-zhenschin-117026205/?c=710000000
131686902,MonAmie,26580,https://kaspi.kz/shop/p/princesse-marina-de-bourbon-cristal-royal-rose-parfjumernyi-nabor-50-ml-dlja-zhenschin-131686902/?c=710000000
131686902,Monamie kz,26580,https://kaspi.kz/shop/p/princesse-marina-de-bourbon-cristal-royal-rose-parfjumernyi-nabor-50-ml-dlja-zhenschin-131686902/?c=710000000
100703260,Beautycode,116424,https://kaspi.kz/shop/p/le-labo-another-13-parfjumernaja-voda-edp-50-ml-100703260/?c=710000000
100703260,Elixir,120000,https://kaspi.kz/shop/p/le-labo-another-13-parfjumernaja-voda-edp-50-ml-100703260/?c=710000000
100703260,TAUBAI Group,180000,https://kaspi.kz/shop/p/le-labo-another-13-parfjumernaja-voda-edp-50-ml-100703260/?c=710000000
100703260,Estual,188113,https://kaspi.kz/shop/p/le-labo-another-13-parfjumernaja-voda-edp-50-ml-100703260/?c=710000000
133011172,Moya kosmetika kzz,30990,https://kaspi.kz/shop/p/tom-ford-tom-ford-oud-wood-parfjumernaja-voda-edp-50-ml-uniseks-133011172/?c=710000000
133011172,GoldWay Company,30999,https://kaspi.kz/shop/p/tom-ford-tom-ford-oud-wood-parfjumernaja-voda-edp-50-ml-uniseks-133011172/?c=710000000
130328009,Adel-Parfum,61997,https://kaspi.kz/shop/p/versace-crystal-noir-duhi-parfum-50-ml-dlja-zhenschin-130328009/?c=710000000
130328009,Adel Market,62497,https://kaspi.kz/shop/p/versace-crystal-noir-duhi-parfum-50-ml-dlja-zhenschin-130328009/?c=710000000
130328009,MonAmie,63000,https://kaspi.kz/shop/p/versace-crystal-noir-duhi-parfum-50-ml-dlja-zhenschin-130328009/?c=710000000
130328009,Monamie kz,63000,https://kaspi.kz/shop/p/versace-crystal-noir-duhi-parfum-50-ml-dlja-zhenschin-130328009/?c=710000000
130328009,Beauty Market KZ,82320,https://kaspi.kz/shop/p/versace-crystal-noir-duhi-parfum-50-ml-dlja-zhenschin-130328009/?c=710000000
135191518,MonAmie,61530,https://kaspi.kz/shop/p/emporio-armani-stronger-with-you-duhi-parfum-100-ml-dlja-muzhchin-135191518/?c=710000000
135191518,Monamie kz,61530,https://kaspi.kz/shop/p/emporio-armani-stronger-with-you-duhi-parfum-100-ml-dlja-muzhchin-135191518/?c=710000000
135191518,Amavi,86140,https://kaspi.kz/shop/p/emporio-armani-stronger-with-you-duhi-parfum-100-ml-dlja-muzhchin-135191518/?c=710000000
135191518,YOUNIQUE by Amavi,86140,https://kaspi.kz/shop/p/emporio-armani-stronger-with-you-duhi-parfum-100-ml-dlja-muzhchin-135191518/?c=710000000
135191518,Beauty Market KZ,86142,https://kaspi.kz/shop/p/emporio-armani-stronger-with-you-duhi-parfum-100-ml-dlja-muzhchin-135191518/?c=710000000
124357518,Sahina.kz,54990,https://kaspi.kz/shop/p/jean-paul-gaultier-la-belle-parfjumernyi-nabor-50-ml-dlja-zhenschin-124357518/?c=710000000
131301974,ИП АСАНБАЕВ,11990,https://kaspi.kz/shop/p/bal-d-afrique-bright-crystal-musk-kashmir-duhi-parfum-30-ml-dlja-zhenschin-131301974/?c=710000000
131301974,ELIX NOVA,11999,https://kaspi.kz/shop/p/bal-d-afrique-bright-crystal-musk-kashmir-duhi-parfum-30-ml-dlja-zhenschin-131301974/?c=710000000
131301974,Мир покупок,12000,https://kaspi.kz/shop/p/bal-d-afrique-bright-crystal-musk-kashmir-duhi-parfum-30-ml-dlja-zhenschin-131301974/?c=710000000
123708783,MonAmie,70550,https://kaspi.kz/shop/p/trussardi-le-vie-di-milano-edizione-millesimata-clary-sage-parfjumernaja-voda-edp-100-ml-uniseks-123708783/?c=710000000
123708783,Monamie kz,70550,https://kaspi.kz/shop/p/trussardi-le-vie-di-milano-edizione-millesimata-clary-sage-parfjumernaja-voda-edp-100-ml-uniseks-123708783/?c=710000000
123708783,BEAUTY FACE,123990,https://kaspi.kz/shop/p/trussardi-le-vie-di-milano-edizione-millesimata-clary-sage-parfjumernaja-voda-edp-100-ml-uniseks-123708783/?c=710000000
123708783,COCO-SHOP,128900,https://kaspi.kz/shop/p/trussardi-le-vie-di-milano-edizione-millesimata-clary-sage-parfjumernaja-voda-edp-100-ml-uniseks-123708783/?c=710000000
123708783,Beauty Market KZ,138278,https://kaspi.kz/shop/p/trussardi-le-vie-di-milano-edizione-millesimata-clary-sage-parfjumernaja-voda-edp-100-ml-uniseks-123708783/?c=710000000
124528112,Gamma D ORO,18900,https://kaspi.kz/shop/p/gamma-d-oro-sw-102-parfjumernaja-voda-edp-50-ml-dlja-zhenschin-124528112/?c=710000000
120554177,OHBELLA,19332,https://kaspi.kz/shop/p/nasomatto-black-afgano-french-avenue-parfjumernaja-voda-edp-60-ml-uniseks-120554177/?c=710000000
120554177,Aromacrystal,19335,https://kaspi.kz/shop/p/nasomatto-black-afgano-french-avenue-parfjumernaja-voda-edp-60-ml-uniseks-120554177/?c=710000000
120554177,Мир покупок,19353,https://kaspi.kz/shop/p/nasomatto-black-afgano-french-avenue-parfjumernaja-voda-edp-60-ml-uniseks-120554177/?c=710000000
113620772,CosMarket,49999,https://kaspi.kz/shop/p/nina-ricci-nina-le-parfum-parfjumernaja-voda-edp-80-ml-dlja-zhenschin-113620772/?c=710000000
113620772,aerin,78300,https://kaspi.kz/shop/p/nina-ricci-nina-le-parfum-parfjumernaja-voda-edp-80-ml-dlja-zhenschin-113620772/?c=710000000
113620772,ПАРФЮМ.KZ,90995,https://kaspi.kz/shop/p/nina-ricci-nina-le-parfum-parfjumernaja-voda-edp-80-ml-dlja-zhenschin-113620772/?c=710000000
129703176,Okey,72485,https://kaspi.kz/shop/p/essential-parfums-bois-imp-rial-new-design-parfjumernaja-voda-edp-100-ml-uniseks-129703176/?c=710000000
129703176,CosMarket,72487,https://kaspi.kz/shop/p/essential-parfums-bois-imp-rial-new-design-parfjumernaja-voda-edp-100-ml-uniseks-129703176/?c=710000000
129703176,Ты Прекрасна,72500,https://kaspi.kz/shop/p/essential-parfums-bois-imp-rial-new-design-parfjumernaja-voda-edp-100-ml-uniseks-129703176/?c=710000000
129703176,Perfume Home,77990,https://kaspi.kz/shop/p/essential-parfums-bois-imp-rial-new-design-parfjumernaja-voda-edp-100-ml-uniseks-129703176/?c=710000000
129703176,COCO-SHOP,91990,https://kaspi.kz/shop/p/essential-parfums-bois-imp-rial-new-design-parfjumernaja-voda-edp-100-ml-uniseks-129703176/?c=710000000
17300049,MonAmie,17100,https://kaspi.kz/shop/p/princesse-marina-de-bourbon-tendre-reverence-parfjumernaja-voda-edp-30-ml-dlja-zhenschin-17300049/?c=710000000
17300049,Monamie kz,17100,https://kaspi.kz/shop/p/princesse-marina-de-bourbon-tendre-reverence-parfjumernaja-voda-edp-30-ml-dlja-zhenschin-17300049/?c=710000000
17300049,COCO-SHOP,25980,https://kaspi.kz/shop/p/princesse-marina-de-bourbon-tendre-reverence-parfjumernaja-voda-edp-30-ml-dlja-zhenschin-17300049/?c=710000000
136123274,Monamie kz,47390,https://kaspi.kz/shop/p/jean-paul-gaultier-scandal-intense-parfjumernaja-voda-edp-50-ml-dlja-zhenschin-136123274/?c=710000000
136123274,Amavi,67600,https://kaspi.kz/shop/p/jean-paul-gaultier-scandal-intense-parfjumernaja-voda-edp-50-ml-dlja-zhenschin-136123274/?c=710000000
136123274,Французский Дом,68440,https://kaspi.kz/shop/p/jean-paul-gaultier-scandal-intense-parfjumernaja-voda-edp-50-ml-dlja-zhenschin-136123274/?c=710000000
136123274,ПАРФЮМ.KZ,101195,https://kaspi.kz/shop/p/jean-paul-gaultier-scandal-intense-parfjumernaja-voda-edp-50-ml-dlja-zhenschin-136123274/?c=710000000
114855610,ИП БУТЕНАЙТЕ ТА,19500,https://kaspi.kz/shop/p/lambre-29-tualetnaja-voda-edt-50-ml-dlja-muzhchin-114855610/?c=710000000
131863286,RAYANA BEAUTY,13800,https://kaspi.kz/shop/p/essens-muzhskoi-parfjum-m034-duhi-parfum-50-ml-dlja-muzhchin-131863286/?c=710000000
131863286,ЭКО МАРКЕТ,14000,https://kaspi.kz/shop/p/essens-muzhskoi-parfjum-m034-duhi-parfum-50-ml-dlja-muzhchin-131863286/?c=710000000
141782263,Beauty Market KZ,29204,https://kaspi.kz/shop/p/kenzo-l-eau-pure-parfjumernaja-voda-edp-30-ml-dlja-zhenschin-141782263/?c=710000000
141782263,aerin,39990,https://kaspi.kz/shop/p/kenzo-l-eau-pure-parfjumernaja-voda-edp-30-ml-dlja-zhenschin-141782263/?c=710000000
141782263,ПАРФЮМ.KZ,44095,https://kaspi.kz/shop/p/kenzo-l-eau-pure-parfjumernaja-voda-edp-30-ml-dlja-zhenschin-141782263/?c=710000000
134471154,ИП АБДРАМAНОВ,42999,https://kaspi.kz/shop/p/al-haramain-perfumes-amber-oud-aqua-dubai-ekstrakt-duhov-extrait-de-parfum-100-ml-uniseks-134471154/?c=710000000
134471154,Beauty_mix,43000,https://kaspi.kz/shop/p/al-haramain-perfumes-amber-oud-aqua-dubai-ekstrakt-duhov-extrait-de-parfum-100-ml-uniseks-134471154/?c=710000000
134471154,CHANTAL,44500,https://kaspi.kz/shop/p/al-haramain-perfumes-amber-oud-aqua-dubai-ekstrakt-duhov-extrait-de-parfum-100-ml-uniseks-134471154/?c=710000000
134471154,ИП АКЕРКЕ,50000,https://kaspi.kz/shop/p/al-haramain-perfumes-amber-oud-aqua-dubai-ekstrakt-duhov-extrait-de-parfum-100-ml-uniseks-134471154/?c=710000000
103528777,ASA17,35998,https://kaspi.kz/shop/p/armaf-club-de-nuit-intense-limited-edition-duhi-parfum-105-ml-dlja-muzhchin-103528777/?c=710000000
103528777,Aroma Secret,35999,https://kaspi.kz/shop/p/armaf-club-de-nuit-intense-limited-edition-duhi-parfum-105-ml-dlja-muzhchin-103528777/?c=710000000
122980540,MonAmie,23270,https://kaspi.kz/shop/p/jimmy-choo-i-want-choo-le-parfjumernaja-voda-edp-40-ml-dlja-zhenschin-122980540/?c=710000000
122980540,Monamie kz,23270,https://kaspi.kz/shop/p/jimmy-choo-i-want-choo-le-parfjumernaja-voda-edp-40-ml-dlja-zhenschin-122980540/?c=710000000
122980540,APG техникс,29048,https://kaspi.kz/shop/p/jimmy-choo-i-want-choo-le-parfjumernaja-voda-edp-40-ml-dlja-zhenschin-122980540/?c=710000000
122980540,Shоp_kz,29048,https://kaspi.kz/shop/p/jimmy-choo-i-want-choo-le-parfjumernaja-voda-edp-40-ml-dlja-zhenschin-122980540/?c=710000000
122980540,Beauty Market KZ,35084,https://kaspi.kz/shop/p/jimmy-choo-i-want-choo-le-parfjumernaja-voda-edp-40-ml-dlja-zhenschin-122980540/?c=710000000
104364283,Adel Market,59997,https://kaspi.kz/shop/p/nina-ricci-nina-soleil-tualetnaja-voda-edt-50-ml-dlja-zhenschin-104364283/?c=710000000
108029964,ИП For HAPPINESS,28950,https://kaspi.kz/shop/p/yves-rocher-morskoi-briz-parfjumernaja-voda-edp-100-ml-uniseks-108029964/?c=710000000
108029964,Yves Rocher France,30950,https://kaspi.kz/shop/p/yves-rocher-morskoi-briz-parfjumernaja-voda-edp-100-ml-uniseks-108029964/?c=710000000
131171145,MonAmie,34050,https://kaspi.kz/shop/p/coach-dreams-moonlight-parfjumernaja-voda-edp-60-ml-dlja-zhenschin-131171145/?c=710000000
131171145,Monamie kz,34050,https://kaspi.kz/shop/p/coach-dreams-moonlight-parfjumernaja-voda-edp-60-ml-dlja-zhenschin-131171145/?c=710000000
131171145,Estual,37624,https://kaspi.kz/shop/p/coach-dreams-moonlight-parfjumernaja-voda-edp-60-ml-dlja-zhenschin-131171145/?c=710000000
131171145,Elite Perfume,47990,https://kaspi.kz/shop/p/coach-dreams-moonlight-parfjumernaja-voda-edp-60-ml-dlja-zhenschin-131171145/?c=710000000
116324217,Inter Perfume,117000,https://kaspi.kz/shop/p/diptyque-do-son-limited-edition-tualetnaja-voda-edt-100-ml-dlja-zhenschin-116324217/?c=710000000
128642948,MonAmie,20160,https://kaspi.kz/shop/p/karl-lagerfeld-ikonik-por-homme-parfjumernaja-voda-edp-60-ml-dlja-muzhchin-128642948/?c=710000000
128642948,Monamie kz,20160,https://kaspi.kz/shop/p/karl-lagerfeld-ikonik-por-homme-parfjumernaja-voda-edp-60-ml-dlja-muzhchin-128642948/?c=710000000
128642948,ПАРФЮМ.KZ,34995,https://kaspi.kz/shop/p/karl-lagerfeld-ikonik-por-homme-parfjumernaja-voda-edp-60-ml-dlja-muzhchin-128642948/?c=710000000
112576134,MonAmie,47260,https://kaspi.kz/shop/p/tom-ford-soleil-blanc-parfjumirovannyi-sprei-150-ml-dlja-zhenschin-112576134/?c=710000000
112576134,Beauty Market KZ,54488,https://kaspi.kz/shop/p/tom-ford-soleil-blanc-parfjumirovannyi-sprei-150-ml-dlja-zhenschin-112576134/?c=710000000
112576134,Amavi,72280,https://kaspi.kz/shop/p/tom-ford-soleil-blanc-parfjumirovannyi-sprei-150-ml-dlja-zhenschin-112576134/?c=710000000
112576134,ADN Store,72990,https://kaspi.kz/shop/p/tom-ford-soleil-blanc-parfjumirovannyi-sprei-150-ml-dlja-zhenschin-112576134/?c=710000000
112576134,ПАРФЮМ.KZ,80395,https://kaspi.kz/shop/p/tom-ford-soleil-blanc-parfjumirovannyi-sprei-150-ml-dlja-zhenschin-112576134/?c=710000000
118545404,MonAmie,25500,https://kaspi.kz/shop/p/montblanc-legend-parfjumernyi-nabor-100-ml-dlja-muzhchin-118545404/?c=710000000
118545404,AYSU beauty shop,45000,https://kaspi.kz/shop/p/montblanc-legend-parfjumernyi-nabor-100-ml-dlja-muzhchin-118545404/?c=710000000
118545404,Beauty Market KZ,49980,https://kaspi.kz/shop/p/montblanc-legend-parfjumernyi-nabor-100-ml-dlja-muzhchin-118545404/?c=710000000
118545404,Sahina.kz,133500,https://kaspi.kz/shop/p/montblanc-legend-parfjumernyi-nabor-100-ml-dlja-muzhchin-118545404/?c=710000000
140781461,MonAmie,23270,https://kaspi.kz/shop/p/montblanc-legend-gift-set-parfjumernyi-nabor-50-ml-dlja-muzhchin-140781461/?c=710000000
140781461,Beauty Market KZ,35084,https://kaspi.kz/shop/p/montblanc-legend-gift-set-parfjumernyi-nabor-50-ml-dlja-muzhchin-140781461/?c=710000000
100825136,Monamie kz,27510,https://kaspi.kz/shop/p/salvatore-ferragamo-amo-ferragamo-per-lei-parfjumernaja-voda-edp-30-ml-100825136/?c=710000000
100825136,COCO-SHOP,35500,https://kaspi.kz/shop/p/salvatore-ferragamo-amo-ferragamo-per-lei-parfjumernaja-voda-edp-30-ml-100825136/?c=710000000
100825136,Beauty Market KZ,38514,https://kaspi.kz/shop/p/salvatore-ferragamo-amo-ferragamo-per-lei-parfjumernaja-voda-edp-30-ml-100825136/?c=710000000
117322849,MonAmie,21384,https://kaspi.kz/shop/p/elie-saab-le-parfum-bridal-parfjumernaja-voda-edp-30-ml-dlja-zhenschin-117322849/?c=710000000
117322849,Monamie kz,21384,https://kaspi.kz/shop/p/elie-saab-le-parfum-bridal-parfjumernaja-voda-edp-30-ml-dlja-zhenschin-117322849/?c=710000000
119105784,MonAmie,57540,https://kaspi.kz/shop/p/valentino-donna-born-in-roma-intense-parfjumernaja-voda-edp-50-ml-dlja-zhenschin-119105784/?c=710000000
119105784,Monamie kz,57540,https://kaspi.kz/shop/p/valentino-donna-born-in-roma-intense-parfjumernaja-voda-edp-50-ml-dlja-zhenschin-119105784/?c=710000000
119105784,CosMarket,69000,https://kaspi.kz/shop/p/valentino-donna-born-in-roma-intense-parfjumernaja-voda-edp-50-ml-dlja-zhenschin-119105784/?c=710000000
119105784,Adel Market,69997,https://kaspi.kz/shop/p/valentino-donna-born-in-roma-intense-parfjumernaja-voda-edp-50-ml-dlja-zhenschin-119105784/?c=710000000
119105784,ПАРФЮМ.KZ,104795,https://kaspi.kz/shop/p/valentino-donna-born-in-roma-intense-parfjumernaja-voda-edp-50-ml-dlja-zhenschin-119105784/?c=710000000
135518997,MonAmie,28325,https://kaspi.kz/shop/p/elie-saab-elixir-love-parfjumernyi-nabor-50-ml-dlja-zhenschin-135518997/?c=710000000
135518997,Monamie kz,33990,https://kaspi.kz/shop/p/elie-saab-elixir-love-parfjumernyi-nabor-50-ml-dlja-zhenschin-135518997/?c=710000000
119185077,ИП АБДРАМAНОВ,34500,https://kaspi.kz/shop/p/lattafa-perfumes-niche-khanjar-parfjumernaja-voda-edp-85-ml-uniseks-119185077/?c=710000000
119185077,ОФИЦИАЛЬНЫЙ ДИСТРИБЬЮТЕР КZ,35500,https://kaspi.kz/shop/p/lattafa-perfumes-niche-khanjar-parfjumernaja-voda-edp-85-ml-uniseks-119185077/?c=710000000
119185077,Aru skin,36000,https://kaspi.kz/shop/p/lattafa-perfumes-niche-khanjar-parfjumernaja-voda-edp-85-ml-uniseks-119185077/?c=710000000
128821708,MonAmie,38780,https://kaspi.kz/shop/p/valentino-born-in-roma-uomo-green-stravaganza-tualetnaja-voda-edt-50-ml-dlja-muzhchin-128821708/?c=710000000
128821708,Monamie kz,38780,https://kaspi.kz/shop/p/valentino-born-in-roma-uomo-green-stravaganza-tualetnaja-voda-edt-50-ml-dlja-muzhchin-128821708/?c=710000000
128821708,CosMarket,40000,https://kaspi.kz/shop/p/valentino-born-in-roma-uomo-green-stravaganza-tualetnaja-voda-edt-50-ml-dlja-muzhchin-128821708/?c=710000000
128821708,Adel Market,49997,https://kaspi.kz/shop/p/valentino-born-in-roma-uomo-green-stravaganza-tualetnaja-voda-edt-50-ml-dlja-muzhchin-128821708/?c=710000000
101099880,CosMarket,48900,https://kaspi.kz/shop/p/angel-schlesser-immense-peony-tualetnaja-voda-edt-100-ml-dlja-zhenschin-101099880/?c=710000000
101099880,RAYANA BEAUTY,59380,https://kaspi.kz/shop/p/angel-schlesser-immense-peony-tualetnaja-voda-edt-100-ml-dlja-zhenschin-101099880/?c=710000000
114329992,Monamie kz,26585,https://kaspi.kz/shop/p/montblanc-explorer-platinum-parfjumernyi-nabor-60-ml-dlja-muzhchin-114329992/?c=710000000
114329992,AYSU beauty shop,37700,https://kaspi.kz/shop/p/montblanc-explorer-platinum-parfjumernyi-nabor-60-ml-dlja-muzhchin-114329992/?c=710000000
114329992,Beauty Market KZ,40082,https://kaspi.kz/shop/p/montblanc-explorer-platinum-parfjumernyi-nabor-60-ml-dlja-muzhchin-114329992/?c=710000000
100358331,MIA,24998,https://kaspi.kz/shop/p/montale-sensual-instinct-parfjumernaja-voda-edp-20-ml-uniseks-100358331/?c=710000000
17301692,CARISMA,38003,https://kaspi.kz/shop/p/paco-rabanne-1-million-lucky-tualetnaja-voda-edt-100-ml-dlja-muzhchin-17301692/?c=710000000
17301692,Elegance Fragrance,38005,https://kaspi.kz/shop/p/paco-rabanne-1-million-lucky-tualetnaja-voda-edt-100-ml-dlja-muzhchin-17301692/?c=710000000
17301692,ТОО EVALUATING COMPANY,38009,https://kaspi.kz/shop/p/paco-rabanne-1-million-lucky-tualetnaja-voda-edt-100-ml-dlja-muzhchin-17301692/?c=710000000
17301692,ELISSIA,40005,https://kaspi.kz/shop/p/paco-rabanne-1-million-lucky-tualetnaja-voda-edt-100-ml-dlja-muzhchin-17301692/?c=710000000
114857025,ИП БУТЕНАЙТЕ ТА,19500,https://kaspi.kz/shop/p/lambre-13-tualetnaja-voda-edt-50-ml-dlja-muzhchin-114857025/?c=710000000
114098225,ALLA PARFUMS,42999,https://kaspi.kz/shop/p/bvlgari-rain-essence-parfjumernaja-voda-edp-60-ml-dlja-muzhchin-114098225/?c=710000000
114098225,Estual,43000,https://kaspi.kz/shop/p/bvlgari-rain-essence-parfjumernaja-voda-edp-60-ml-dlja-muzhchin-114098225/?c=710000000
114098225,ПАРФЮМ.KZ,54695,https://kaspi.kz/shop/p/bvlgari-rain-essence-parfjumernaja-voda-edp-60-ml-dlja-muzhchin-114098225/?c=710000000
114098225,Adel Market,63397,https://kaspi.kz/shop/p/bvlgari-rain-essence-parfjumernaja-voda-edp-60-ml-dlja-muzhchin-114098225/?c=710000000
114098225,Sahina.kz,113985,https://kaspi.kz/shop/p/bvlgari-rain-essence-parfjumernaja-voda-edp-60-ml-dlja-muzhchin-114098225/?c=710000000
106870917,MIX COSMETIX,33332,https://kaspi.kz/shop/p/halloween-magic-tualetnaja-voda-edt-50-ml-dlja-zhenschin-106870917/?c=710000000
100868479,Beauty Market KZ,25033,https://kaspi.kz/shop/p/guerlain-la-petite-robe-noire-ma-robe-cocktail-tualetnaja-voda-edt-30-ml-dlja-zhenschin-100868479/?c=710000000
100868479,MIA,33890,https://kaspi.kz/shop/p/guerlain-la-petite-robe-noire-ma-robe-cocktail-tualetnaja-voda-edt-30-ml-dlja-zhenschin-100868479/?c=710000000
100868479,CosMarket,33900,https://kaspi.kz/shop/p/guerlain-la-petite-robe-noire-ma-robe-cocktail-tualetnaja-voda-edt-30-ml-dlja-zhenschin-100868479/?c=710000000
100868479,perfumeshop_astana,40000,https://kaspi.kz/shop/p/guerlain-la-petite-robe-noire-ma-robe-cocktail-tualetnaja-voda-edt-30-ml-dlja-zhenschin-100868479/?c=710000000
123412400,RAYANA BEAUTY,16294,https://kaspi.kz/shop/p/essens-w114-duhi-parfum-50-ml-dlja-zhenschin-123412400/?c=710000000
123412400,АРОМАТ,16295,https://kaspi.kz/shop/p/essens-w114-duhi-parfum-50-ml-dlja-zhenschin-123412400/?c=710000000
136543855,Amavi,47600,https://kaspi.kz/shop/p/jean-paul-gaultier-scandal-intense-parfjumernaja-voda-edp-30-ml-dlja-zhenschin-136543855/?c=710000000
136543855,Французский Дом,47790,https://kaspi.kz/shop/p/jean-paul-gaultier-scandal-intense-parfjumernaja-voda-edp-30-ml-dlja-zhenschin-136543855/?c=710000000
136543855,ПАРФЮМ.KZ,72395,https://kaspi.kz/shop/p/jean-paul-gaultier-scandal-intense-parfjumernaja-voda-edp-30-ml-dlja-zhenschin-136543855/?c=710000000
101764658,La Belle cosmetics store,85888,https://kaspi.kz/shop/p/parfums-de-marly-layton-parfjumernaja-voda-edp-75-ml-101764658/?c=710000000
101764658,CHANTAL,93900,https://kaspi.kz/shop/p/parfums-de-marly-layton-parfjumernaja-voda-edp-75-ml-101764658/?c=710000000
101764658,MIA,117411,https://kaspi.kz/shop/p/parfums-de-marly-layton-parfjumernaja-voda-edp-75-ml-101764658/?c=710000000
101764658,Estual,117412,https://kaspi.kz/shop/p/parfums-de-marly-layton-parfjumernaja-voda-edp-75-ml-101764658/?c=710000000
118509156,Yves Rocher France,22560,https://kaspi.kz/shop/p/yves-rocher-javnost-parfjumernaja-voda-edp-50-ml-dlja-zhenschin-118509156/?c=710000000
116492149,ЭКО МАРКЕТ,18000,https://kaspi.kz/shop/p/essens-w188-duhi-parfum-50-ml-dlja-zhenschin-116492149/?c=710000000
114047219,Perfume Home,45999,https://kaspi.kz/shop/p/chanel-coco-mademoiselle-parfjumernaja-dymka-100-ml-dlja-zhenschin-114047219/?c=710000000
114047219,COCO-SHOP,46000,https://kaspi.kz/shop/p/chanel-coco-mademoiselle-parfjumernaja-dymka-100-ml-dlja-zhenschin-114047219/?c=710000000
114047219,perfumeshop_astana,46500,https://kaspi.kz/shop/p/chanel-coco-mademoiselle-parfjumernaja-dymka-100-ml-dlja-zhenschin-114047219/?c=710000000
131153571,MonAmie,18450,https://kaspi.kz/shop/p/coach-dreams-moonlight-parfjumernaja-voda-edp-40-ml-dlja-zhenschin-131153571/?c=710000000
117322850,MonAmie,32724,https://kaspi.kz/shop/p/elie-saab-le-parfum-royal-parfjumernaja-voda-edp-50-ml-dlja-zhenschin-117322850/?c=710000000
117322850,Monamie kz,32724,https://kaspi.kz/shop/p/elie-saab-le-parfum-royal-parfjumernaja-voda-edp-50-ml-dlja-zhenschin-117322850/?c=710000000
100829587,LETOILE,44912,https://kaspi.kz/shop/p/carolina-herrera-good-girl-supreme-parfjumernaja-voda-edp-50-ml-dlja-zhenschin-100829587/?c=710000000
100829587,MIA,65099,https://kaspi.kz/shop/p/carolina-herrera-good-girl-supreme-parfjumernaja-voda-edp-50-ml-dlja-zhenschin-100829587/?c=710000000
100829587,CosMarket,65100,https://kaspi.kz/shop/p/carolina-herrera-good-girl-supreme-parfjumernaja-voda-edp-50-ml-dlja-zhenschin-100829587/?c=710000000
100829587,perfumeshop_astana,68000,https://kaspi.kz/shop/p/carolina-herrera-good-girl-supreme-parfjumernaja-voda-edp-50-ml-dlja-zhenschin-100829587/?c=710000000
